eta,mean,std
0.0,3.0558100000000006,1.4291852482795924
0.05,3.394190000000001,1.1767312156563197
0.1,3.783915,1.147955293238809
0.2,5.072835,1.2582550259287661