eta,mean,std
0.7,5.85043,2.4554681946830423
0.8,3.8459350000000008,1.7098621196678405
0.9,3.0558100000000006,1.4291852482795924
1.0,8.324829999999999,2.993192080555473